1,2011,2011,41.00635136,4.563112783,,,,13.87487386,18.92028254,3.582240161,14.68213925,35.9905819,27.0938446,22.23343424,43.97177419,29.62962963,32.724713,6,16,68.48484848,19.22558923,0.4,,,
2,2011,2011,12.23091977,3.343118069,,,,9.395302349,14.87589539,0.982841912,14.40946194,41.92903548,26.85324005,16.80826254,32.53296703,18.27566431,48.142426,7,17,73.69527815,17.79774422,0.28,,,
3,2011,2011,66.31832797,6.143775838,,,,12.39045436,16.17904813,2.345961979,9.666981259,41.67453148,28.36726439,20.29122287,62.32258065,24.2683553,20.11866,6,17,69.51908266,11.43248331,0.27,,,
4,2011,2011,112.0550446,5.75721407,,,,23.15546138,16.41302254,3.313427085,22.59680216,28.97322289,28.26045078,20.16952418,17.68361582,34.17064563,15.064665,7,17,72.20261574,20.03321569,9.09,,,
5,2011,2011,38.51851852,8.888888889,,,,4.26816573,5.683947533,6.953987091,21.00770352,45.47158026,21.71559442,11.8051218,89.21428571,11.32233715,9.579064,3,12,63.60078278,31.00363433,0.02,,,
6,2011,2011,24.15417922,5.560979751,,,,11.95194118,16.32744553,1.909800054,10.28422846,38.99399265,28.54837264,22.17340626,57.39393939,21.6347679,28.756461,6,18,75.1189595,17.13016813,0.32,,,
7,2011,2011,12.67983419,3.657644477,,,,19.55223881,36.60447761,1.940298507,17.6119403,33.73134328,23.09701493,25.55970149,38.05607477,55.52536232,18.984395,0,17,63.37560386,30.6763285,74.42,,,
8,2011,2011,32.10417741,4.2547705,,,,11.34993447,9.174311927,6.553079948,20.15727392,38.40104849,25.34731324,16.09436435,74.59302326,19.50087057,39.36778,3,15,67.35345328,20.42948346,0.33,,,
9,2011,2011,12.63515976,2.915806099,,,,10.68047337,19.61538462,2.899408284,14.14201183,28.01775148,33.40236686,24.43786982,30.96707819,25.76705392,28.030764,1,25,79.50551087,18.55823652,0.53,,,
10,2011,2011,171.8655054,9.925055702,,,,16.80087848,36.74963397,1.68374817,12.99414348,34.07759883,28.33089312,24.59736457,58.26041667,48.38050773,8.256572,25,14,65.04231106,17.2162241,0.4,,,
11,2011,2011,8.823078103,2.22495013,,,,12.12647672,15.67060459,1.441973593,19.77067408,36.6400278,30.87213343,12.7171647,43.05882353,12.23353178,47.672674,2,24,59.17034761,36.45093144,0.51,,,
12,2011,2011,3.169958547,1.463057791,,,,4.936785069,23.47983143,0.722456352,17.8807947,37.08609272,23.9012643,21.13184828,17.10958904,37.05972435,72.10894,2,18.5,66.61562021,28.99438489,0.31,,,
13,2011,2011,40.047514,4.666553538,,,,12.53555465,23.18163348,0.893945551,12.39333604,47.50101585,22.38927265,17.71637546,55.93377483,23.64600138,30.115299,4,18,74.85595759,13.25190136,0.29,,,
14,2011,2011,43.76548307,11.56069364,,,,5.263157895,18.254497,31.14590273,33.57761492,37.44170553,16.95536309,12.02531646,96.70238095,37.836307,6.727763,11,29,21.92013594,72.89719626,2.24,,,
15,2011,2011,35.69620253,5.063291139,,,,9.529116746,33.12900529,2.256896071,17.49791028,41.29283923,20.33992756,20.86932293,52.3559322,25.10288066,53.829063,2,17,59.36213992,20.09602195,0.42,,,
16,2011,2011,41.48689014,8.961168271,,,,7.175849555,8.297591554,17.1230617,25.45364566,45.06763444,19.36654569,10.1121742,93.92857143,17.72821338,7.182513,5,13,54.28834215,43.55024143,0,,,
17,2011,2011,53.10183775,7.10732054,,,,12.39595719,21.49227111,1.248513674,8.382877527,33.56123662,27.37812128,30.67776457,41.48854962,27.97009139,52.504826,8,20,73.88535032,13.18194406,0.38,,,
18,2011,2011,24.54070001,3.620759018,,,,9.396189861,19.47045528,4.32676784,16.49983855,34.11365838,27.13916694,22.24733613,65.69230769,28.3781658,27.725397,2,19,61.33396256,30.25011798,0.65,,,
19,2011,2011,56.79946312,4.148618144,,,,10.0380657,20.97842944,23.47384746,30.01550825,39.63062174,17.0167771,13.33709291,89.8559322,42.15748031,23.050692,37,17,63.95275591,22.01574803,1.55,,,
20,2011,2011,51.21243329,7.021814437,,,,9.629970122,30.42978626,1.424959779,14.45644679,36.84210526,24.72994714,23.9715008,56.65714286,32.44655582,31.840624,16,15,62.04275534,25.53444181,0.19,,,
21,2011,2011,94.50761639,10.83458485,,,,12.68417681,25.68866111,5.573350416,11.01857783,43.4657271,27.48238309,18.03331198,66.06766917,34.89164087,22.348843,7,16,64.73684211,18.6377709,0.17,,,
22,2011,2011,13.01342009,11.92896842,,,,11.11111111,6.302635153,5.107307797,28.25319207,44.39011138,14.26242869,13.09426786,54.58297872,4.220980757,58.550545,1,23,60.64556176,19.27374302,0,,,
23,2011,2011,93.98203437,7.84049016,,,,10.40843215,34.57556936,6.267645398,12.47882552,33.67212498,22.69904009,31.15000941,60.91764706,44.73209897,27.219937,12,15,68.39259381,16.20514501,2.02,,,
24,2011,2011,148.441627,13.62916006,,,,9.470171047,39.25740509,7.634543179,18.64831039,31.91489362,21.44347101,27.99332499,70.53012048,55.63959224,13.36735,105,13,58.5662611,29.69417955,0.44,,,
25,2011,2011,23.68866328,5.999077065,,,,9.421044798,10.15031999,2.202708736,10.86471201,41.1221908,31.6564965,16.35660068,60.14210526,13.01181102,34.025997,1,17,71.90944882,10.41338583,0.18,,,
26,2011,2011,39.20843351,7.767708526,,,,6.458123108,24.01614531,22.55297679,35.97376387,36.88193744,14.68213925,12.46215943,94.80487805,45,6.534735,21,15,47.69607843,44.50980392,0,,,
27,2011,2011,18.11271453,4.394560247,,,,8.999407934,8.359976317,2.131438721,9.863824748,42.83007697,31.2847839,16.02131439,53.17293233,14.37277051,29.669524,5,16,70.9274673,16.26040428,0.12,,,
28,2011,2011,144.9655172,6.75862069,,,,13.79048583,8.780364372,4.326923077,19.83805668,40.94129555,22.5708502,16.64979757,88.49090909,23.05555556,3.151141,7,13,73.78472222,17.32638889,0,,,
29,2011,2011,26.76354272,4.598546859,,,,9.668313338,22.46530228,0.917431193,12.20889203,37.42648789,24.84121383,25.52340626,54.15384615,21.01253379,39.203354,10,18,64.31555665,22.65913001,0.44,,,
30,2011,2011,51.28834356,7.73006135,,,,6.697551291,5.916611516,13.35539378,19.17935142,43.34877565,23.63997353,13.8318994,91.03,15.99279751,8.509425,17,14,47.33999018,47.96202324,0,,,
31,2011,2011,37.23620957,5.703576958,,,,7.873882988,6.980273141,1.719777441,11.04366886,40.76884168,31.4280897,16.75939976,60.27604167,8.019674936,40.034493,2,17,75.4704876,7.741659538,0.22,,,
32,2011,2011,25.73313304,5.616876755,,,,12.31172233,16.62082515,0.812049771,13.33333333,36.48984938,26.78454486,23.39227243,49.37588652,16.66666667,32.809531,2,16,69.31632319,26.16944717,0.33,,,
33,2011,2011,267.70338,12.98033672,,,,6.291946309,45.30201342,10.02516779,10.94798658,34.85738255,21.30872483,32.88590604,79.25,51.67508031,5.666386,26,15,75.72280863,11.06011932,0.23,,,
34,2011,2011,32.95376121,3.910743041,,,,8.989583333,9.177083333,11.38541667,32.11458333,39.14583333,16.04166667,12.69791667,70.42798354,17.87396563,31.742746,11,14,69.35709739,18.34500318,0.03,,,
35,2011,2011,37.81624501,4.260985353,,,,7.571667309,18.24141921,23.97480396,30.44093071,39.49093714,13.51073403,16.55739812,93.15,36.02411063,13.276881,52,23,46.34203995,45.83382579,0.7,,,
36,2011,2011,142.560266,12.15710723,,,,10.42600897,28.78363229,2.214125561,13.25672646,42.90919283,15.77914798,28.05493274,73.96103896,34.10022061,11.612674,26,15,71.82477151,13.9930665,0.17,,,
37,2011,2011,22.75769746,3.235162874,,,,23.00311203,6.794605809,7.287344398,21.83609959,44.21680498,21.36929461,12.57780083,42.0323741,21.01258414,24.944846,3,17,68.15920398,19.63710857,0.1,,,
38,2011,2011,11.60990712,4.063467492,,,,7.935440484,4.875588433,0.840618695,19.33422999,48.11701412,20.20847344,12.34028245,31.45810056,8.101472995,65.565591,4,19,63.21603928,24.67266776,0.11,,,
39,2011,2011,14.71598717,5.783325699,,,,8.321206509,9.326630507,13.78489218,27.5565551,43.6301098,17.40971028,11.40362482,55.09539474,13.89891697,49.508227,5,20,65.8188382,20.2166065,0,,,
40,2011,2011,38.21426426,6.128702758,,,,15.48884166,16.19287991,5.844845909,14.8512221,37.31402763,25.98299681,21.85175345,44.605,15.79136691,29.882221,3,16,72.76978417,11.49280576,0.39,,,
41,2011,2011,52.402746,8.81006865,,,,10.22262608,41.20854157,8.6324398,27.26033621,30.44070877,17.31031349,24.98864153,84.86538462,70.80830147,9.817153,30,12,48.41616603,45.05734571,17.69,,,
42,2011,2011,110.3931661,12.92300953,,,,23.48013404,20.53614169,11.4887506,13.57108664,35.42364768,25.92149354,25.08377214,50.81201044,27.99867462,12.28243,7,16,73.22730285,11.16633532,0.03,,,
43,2011,2011,191.9032236,7.01079112,,,,15.67234848,21.36994949,7.133838384,18.49747475,42.72411616,22.66414141,16.11426768,79.77777778,34.39359737,5.157668,56,14,69.8542992,20.35706957,0.14,,,
44,2011,2011,91.84940008,5.068266446,,,,17.35015773,30.22655578,3.297963866,13.36392314,36.59305994,27.27272727,22.77028965,74.21311475,48.1300813,42.881223,35,17,59.27990708,32.42740999,0.07,,,
45,2011,2011,73.45971564,8.039945836,,,,20.46657047,23.66522367,4.834054834,11.51996152,37.25348725,28.81192881,22.41462241,65.93700787,34.87922705,22.941176,12,16,56.42512077,27.56038647,0.48,,,
46,2011,2011,104.6008651,5.112072355,,,,6.29095675,34.73132372,12.8440367,29.48885976,21.29750983,19.33158585,29.88204456,89.54761905,59.37803693,13.896301,13,14,51.50631681,44.50923226,8.98,,,
47,2011,2011,152.6584318,7.921589689,,,,7.752273712,41.83629277,5.478562148,12.75443915,29.10350801,26.59159809,31.55045474,72.74193548,59.73229225,15.40629,30,13,66.92693809,27.40286299,0.25,,,
48,2011,2011,19.5301953,4.3200432,,,,6.701940035,6.672545561,9.200470312,29.33568489,37.8600823,17.37213404,15.43209877,44.625,7.789855072,5.163259,6,13,69.96376812,19.7826087,0,,,
49,2011,2011,25.23961661,7.987220447,,,,6.550218341,23.34259627,5.756252481,19.80944819,39.81738785,18.14211989,22.23104407,25.80625,34.95265541,4.993002,2,16,76.24536846,16.17949774,0.05,,,
50,2011,2011,84.83890394,6.248118037,,,,12.32944679,36.59141652,3.001736542,15.80253039,26.81716696,26.04812702,31.33217564,53.1826087,43.69237217,29.323551,16,16,64.79463537,23.91031014,0.32,,,
51,2011,2011,195.4710651,8.890131395,,,,12.4399154,32.99365507,5.460488368,13.11286291,33.62814843,27.16785234,26.09113632,77.35220126,48.49347171,14.099688,102,14,68.07833947,22.71509876,0.42,,,
52,2011,2011,80.74293822,11.22146266,,,,17.33224667,24.04237979,3.422982885,12.03477316,40.15213257,26.02553654,21.78755773,76.56790123,38.26530612,19.450048,9,14,65.40178571,20.08928571,0.26,,,
53,2011,2011,58.85800402,4.437374414,,,,11.39294927,38.43508169,5.631986242,15.73516767,31.59931212,20.80825451,31.85726569,83.72727273,63.57380161,14.46323,106,15,54.50878026,35.78547698,0.83,,,
54,2011,2011,206.4328548,9.449391241,,,,10.97821444,17.0012815,7.646304998,29.47458351,30.88423751,21.57197779,18.0692012,70.56834532,22.29357798,11.507788,15,13,67.01834862,24.17431193,0.07,,,
55,2011,2011,73.88678185,6.040174182,,,,14.3181082,19.01522514,2.559118886,14.77162293,43.01911241,22.12504049,20.08422417,45.47849462,16.56729131,22.136976,6,17,68.65417376,25.89437819,2.57,,,
1,2010,2010,41.68465191,4.193130665,,,,62.41170535,,,,,,,,,,,,,,0.48,83.37307787,45.3,
2,2010,2010,10.518591,3.424657534,,,,74.37947693,,,,,,,,,,,,,,0.51,79.73460722,52.6,
3,2010,2010,90.20440974,4.07671107,,,,67.07563705,,,,,,,,,,,,,,0.59,81.70645238,46.6,
4,2010,2010,91.48353577,4.212595661,,,,54.22847236,,,,,,,,,,,,,,1.42,53.56862745,30.1,
5,2010,2010,32.83950617,6.296296296,,,,80.05413283,,,,,,,,,,,,,,0,79.49774116,43.2,
6,2010,2010,22.49862037,2.504563399,,,,69.49699632,,,,,,,,,,,,,,0.44,73.89397943,46.6,
7,2010,2010,11.70446233,1.219214826,,,,41.90298507,,,,,,,,,,,,,,15.69,82.48009101,34.9,
8,2010,2010,26.30221764,5.028365137,,,,70.5897772,,,,,,,,,,,,,,0.41,83.23500492,51.2,
9,2010,2010,8.139958693,1.57939497,,,,66.03550296,,,,,,,,,,,,,,0.97,60.71725054,37.8,
10,2010,2010,167.2068058,10.93781649,,,,42.45973646,,,,,,,,,,,,,,0.42,91.4627515,40.3,
11,2010,2010,3.299063986,1.074113856,,,,70.55246699,,,,,,,,,,,,,,0.27,83.07594669,54.5,
12,2010,2010,3.169958547,0.731528895,,,,70.49969898,,,,,,,,,,,,,,0,63.84462151,41.1,
13,2010,2010,33.93857119,2.545392839,,,,61.47907355,,,,,,,,,,,,,,0.41,81.28382767,51.4,
14,2010,2010,31.17258464,8.876961189,,,,42.83810793,,,,,,,,,,,,,,0,63.82189239,30.7,
15,2010,2010,41.39240506,1.772151899,,,,54.86207857,,,,,,,,,,,,,,0.53,93.91232423,48,
16,2010,2010,49.67363646,9.514326806,,,,64.28571429,,,,,,,,,,,,,,0.02,74.19117647,41.4,
17,2010,2010,40.51172708,2.741395065,,,,61.68252081,,,,,,,,,,,,,,0.1,81.13330722,45.2,
18,2010,2010,26.01582406,1.408072952,,,,65.54730384,,,,,,,,,,,,,,0.54,77.11485557,49.1,
19,2010,2010,56.67744494,3.47751815,,,,39.7575074,,,,,,,,,,,,,,0.52,56.227971,39.4,
20,2010,2010,46.34397528,6.179196704,,,,56.69960929,,,,,,,,,,,,,,0.43,86.01337958,46.8,
21,2010,2010,90.64578417,5.900021455,,,,53.93978219,,,,,,,,,,,,,,0.64,82.38497141,43.4,
22,2010,2010,12.74230717,5.151145452,,,,74.00162999,,,,,,,,,,,,,,0,87.99531851,64.7,
23,2010,2010,114.4400021,6.023158004,,,,48.1648786,,,,,,,,,,,,,,0.51,85.95331834,40.7,
24,2010,2010,154.5694665,14.7913365,,,,38.96537338,,,,,,,,,,,,,,0.17,96.49639817,37.4,
25,2010,2010,23.22719582,3.845562221,,,,77.61571662,,,,,,,,,,,,,,0.21,75.48192771,51.1,
26,2010,2010,35.87941557,9.617162937,,,,43.64278507,,,,,,,,,,,,,,0,72.17222087,34.9,
27,2010,2010,11.40210226,4.572718095,,,,77.71462404,,,,,,,,,,,,,,0.28,76.27379943,48.2,
28,2010,2010,126.2068966,2.75862069,,,,68.87651822,,,,,,,,,,,,,,0,67.37976516,41.8,
29,2010,2010,28.6949324,3.770808425,,,,65.60809221,,,,,,,,,,,,,,0.35,78.18624609,52.6,
30,2010,2010,53.00613497,4.662576687,,,,72.12442091,,,,,,,,,,,,,,0,80.26304479,45.1,
31,2010,2010,27.70308808,2.770308808,,,,82.11094251,,,,,,,,,,,,,,0.33,80.69234007,52.5,
32,2010,2010,38.79563712,3.984063745,,,,70.25540275,,,,,,,,,,,,,,0.76,80.28676841,51.6,
33,2010,2010,611.8750803,14.26551857,,,,38.38087248,,,,,,,,,,,,,,0.16,78.32568807,30.6,
34,2010,2010,33.81642512,2.070393375,,,,66.25,,,,,,,,,,,,,,0.1,70.30556108,49.4,
35,2010,2010,44.00798935,5.85885486,,,,47.94960792,,,,,,,,,,,,,,0.03,67.31572612,42.3,
36,2010,2010,155.7564422,8.000831255,,,,56.89461883,,,,,,,,,,,,,,0.24,90.10234123,38.6,
37,2010,2010,28.55867916,2.008032129,,,,61.85165975,,,,,,,,,,,,,,0.16,55.26170036,42.6,
38,2010,2010,5.030959752,0.96749226,,,,84.46536651,,,,,,,,,,,,,,0.55,94.25872093,60.7,
39,2010,2010,14.77324782,4.237288136,,,,66.7019447,,,,,,,,,,,,,,0,64.65993266,59,
40,2010,2010,34.24863306,4.14588716,,,,62.141339,,,,,,,,,,,,,,0.51,77.20674487,51.4,
41,2010,2010,65.44622426,11.78489703,,,,38.89141299,,,,,,,,,,,,,,2.39,77.3253493,35.2,
42,2010,2010,109.0789618,11.38977111,,,,41.88606989,,,,,,,,,,,,,,0.09,53.21215485,34,
43,2010,2010,392.3293697,10.65365317,,,,51.32575758,,,,,,,,,,,,,,0.03,71.04472335,37.2,
44,2010,2010,84.19528341,4.447662391,,,,48.43705191,,,,,,,,,,,,,,0.2,80.28957793,42.9,
45,2010,2010,79.04536222,4.062288422,,,,50.43290043,,,,,,,,,,,,,,0.7,77.17618576,41.1,
46,2010,2010,57.01926858,3.14589068,,,,44.10222805,,,,,,,,,,,,,,0.15,74.34002112,36.5,
47,2010,2010,157.6933405,5.236305048,,,,43.37375487,,,,,,,,,,,,,,0.33,79.64905933,35,
48,2010,2010,15.8401584,5.400054001,,,,75.04409171,,,,,,,,,,,,,,0.03,76.48804329,46.6,
49,2010,2010,27.95527157,10.22364217,,,,62.48511314,,,,,,,,,,,,,,0,59.7340536,33.8,
50,2010,2010,77.91327913,2.559470039,,,,46.36566609,,,,,,,,,,,,,,1.31,79.75441445,38,
51,2010,2010,253.5644395,5.423539279,,,,46.52951356,,,,,,,,,,,,,,0.4,70.09352959,33.4,
52,2010,2010,84.22546111,8.125886754,,,,52.13257267,,,,,,,,,,,,,,0.19,87.15657067,46.9,
53,2010,2010,52.07635633,2.009377093,,,,42.6483233,,,,,,,,,,,,,,0.23,79.06659389,35.2,
54,2010,2010,193.1673633,6.723605306,,,,60.31610423,,,,,,,,,,,,,,0.15,67.7478721,39.2,
55,2010,2010,67.284731,1.545160837,,,,62.90897311,,,,,,,,,,,,,,9.37,62.30845771,38.3,
1,2009,2009,36.54,4.55,,,,,,,,,,,,,,,,,,,,,
2,2009,2009,13.82,2.42,,,,,,,,,,,,,,,,,,,,,
3,2009,2009,107.75,3.63,,,,,,,,,,,,,,,,,,,,,
4,2009,2009,85.52,3.67,,,,,,,,,,,,,,,,,,,,,
5,2009,2009,47.65,7.7,,,,,,,,,,,,,,,,,,,,,
6,2009,2009,30.5,3.09,,,,,,,,,,,,,,,,,,,,,
7,2009,2009,10.18,2.87,,,,,,,,,,,,,,,,,,,,,
8,2009,2009,27.9,2.57,,,,,,,,,,,,,,,,,,,,,
9,2009,2009,14.22,2.99,,,,,,,,,,,,,,,,,,,,,
10,2009,2009,119.72,5.52,,,,,,,,,,,,,,,,,,,,,
11,2009,2009,7.29,2.29,,,,,,,,,,,,,,,,,,,,,
12,2009,2009,3.88,2.06,,,,,,,,,,,,,,,,,,,,,
13,2009,2009,32,2.25,,,,,,,,,,,,,,,,,,,,,
14,2009,2009,36.92,11.54,,,,,,,,,,,,,,,,,,,,,
15,2009,2009,33.47,2.13,,,,,,,,,,,,,,,,,,,,,
16,2009,2009,60.92,6.3,,,,,,,,,,,,,,,,,,,,,
17,2009,2009,38.21,5.88,,,,,,,,,,,,,,,,,,,,,
18,2009,2009,25.26,2.26,,,,,,,,,,,,,,,,,,,,,
19,2009,2009,63.03,1.4,,,,,,,,,,,,,,,,,,,,,
20,2009,2009,45.04,4.14,,,,,,,,,,,,,,,,,,,,,
21,2009,2009,115.76,7.16,,,,,,,,,,,,,,,,,,,,,
22,2009,2009,19.4,7.76,,,,,,,,,,,,,,,,,,,,,
23,2009,2009,76.98,4.11,,,,,,,,,,,,,,,,,,,,,
24,2009,2009,158.9,6.66,,,,,,,,,,,,,,,,,,,,,
25,2009,2009,24.92,4.11,,,,,,,,,,,,,,,,,,,,,
26,2009,2009,15.99,2.68,,,,,,,,,,,,,,,,,,,,,
27,2009,2009,98.63,2.68,,,,,,,,,,,,,,,,,,,,,
28,2009,2009,31.39,3.9,,,,,,,,,,,,,,,,,,,,,
29,2009,2009,43.54,4.4,,,,,,,,,,,,,,,,,,,,,
30,2009,2009,41.84,5.65,,,,,,,,,,,,,,,,,,,,,
31,2009,2009,27.39,2.7,,,,,,,,,,,,,,,,,,,,,
32,2009,2009,46.43,1.99,,,,,,,,,,,,,,,,,,,,,
33,2009,2009,147.83,10.98,,,,,,,,,,,,,,,,,,,,,
34,2009,2009,41.34,3.82,,,,,,,,,,,,,,,,,,,,,
35,2009,2009,53.25,5.24,,,,,,,,,,,,,,,,,,,,,
36,2009,2009,138.11,4.3,,,,,,,,,,,,,,,,,,,,,
37,2009,2009,28.51,5.08,,,,,,,,,,,,,,,,,,,,,
38,2009,2009,11.06,5.43,,,,,,,,,,,,,,,,,,,,,
39,2009,2009,17.86,3.13,,,,,,,,,,,,,,,,,,,,,
40,2009,2009,26.66,2.68,,,,,,,,,,,,,,,,,,,,,
41,2009,2009,93.92,4.14,,,,,,,,,,,,,,,,,,,,,
42,2009,2009,139.5,4.46,,,,,,,,,,,,,,,,,,,,,
43,2009,2009,83.21,2.85,,,,,,,,,,,,,,,,,,,,,
44,2009,2009,58.86,6.24,,,,,,,,,,,,,,,,,,,,,
45,2009,2009,56.37,3.53,,,,,,,,,,,,,,,,,,,,,
46,2009,2009,65.44,4.29,,,,,,,,,,,,,,,,,,,,,
47,2009,2009,100.43,6.57,,,,,,,,,,,,,,,,,,,,,
48,2009,2009,35.54,6.97,,,,,,,,,,,,,,,,,,,,,
49,2009,2009,33.02,6.78,,,,,,,,,,,,,,,,,,,,,
50,2009,2009,64.15,4.5,,,,,,,,,,,,,,,,,,,,,
51,2009,2009,119.29,5.87,,,,,,,,,,,,,,,,,,,,,
52,2009,2009,71.28,5.99,,,,,,,,,,,,,,,,,,,,,
53,2009,2009,77.66,2.98,,,,,,,,,,,,,,,,,,,,,
54,2009,2009,153.13,8.77,,,,,,,,,,,,,,,,,,,,,
55,2009,2009,41.93,4.19,,,,,,,,,,,,,,,,,,,,,
1,2008,2008,41.46,4.65,38.89,,,,,,,,,,,,,,,,,,,,
2,2008,2008,15.38,3.36,21.23,,,,,,,,,,,,,,,,,,,,
3,2008,2008,192.26,6.34,146.55,,,,,,,,,,,,,,,,,,,,
4,2008,2008,97.29,4.65,114.38,,,,,,,,,,,,,,,,,,,,
5,2008,2008,44.94,6.56,16.98,,,,,,,,,,,,,,,,,,,,
6,2008,2008,52.12,3.05,49.67,,,,,,,,,,,,,,,,,,,,
7,2008,2008,13.57,2.87,2.22,,,,,,,,,,,,,,,,,,,,
8,2008,2008,51.14,3.67,74.39,,,,,,,,,,,,,,,,,,,,
9,2008,2008,21.86,3.23,13.62,,,,,,,,,,,,,,,,,,,,
10,2008,2008,188.78,9.28,118.44,,,,,,,,,,,,,,,,,,,,
11,2008,2008,6.19,2.12,4.75,,,,,,,,,,,,,,,,,,,,
12,2008,2008,3.66,2.06,0.23,,,,,,,,,,,,,,,,,,,,
13,2008,2008,52.21,2.57,45.55,,,,,,,,,,,,,,,,,,,,
14,2008,2008,47.62,18.67,19.72,,,,,,,,,,,,,,,,,,,,
15,2008,2008,29.43,2.36,109.29,,,,,,,,,,,,,,,,,,,,
16,2008,2008,59.75,9.22,16.45,,,,,,,,,,,,,,,,,,,,
17,2008,2008,70.28,5.27,18.59,,,,,,,,,,,,,,,,,,,,
18,2008,2008,28.92,2.66,19.01,,,,,,,,,,,,,,,,,,,,
19,2008,2008,85.59,2.16,38.07,,,,,,,,,,,,,,,,,,,,
20,2008,2008,68.86,8.46,59.11,,,,,,,,,,,,,,,,,,,,
21,2008,2008,127.12,6.86,197.85,,,,,,,,,,,,,,,,,,,,
22,2008,2008,18.99,8.18,2.91,,,,,,,,,,,,,,,,,,,,
23,2008,2008,102.07,7.09,115.19,,,,,,,,,,,,,,,,,,,,
24,2008,2008,182.42,7.78,114.78,,,,,,,,,,,,,,,,,,,,
25,2008,2008,55.38,3.32,17.01,,,,,,,,,,,,,,,,,,,,
26,2008,2008,36.03,2.09,20.52,,,,,,,,,,,,,,,,,,,,
27,2008,2008,177.18,5.5,63.23,,,,,,,,,,,,,,,,,,,,
28,2008,2008,45.27,4.35,9.98,,,,,,,,,,,,,,,,,,,,
29,2008,2008,51.21,6.03,12.48,,,,,,,,,,,,,,,,,,,,
30,2008,2008,50.27,10.9,12.85,,,,,,,,,,,,,,,,,,,,
31,2008,2008,56.81,3.23,18.76,,,,,,,,,,,,,,,,,,,,
32,2008,2008,72.47,2.12,62.92,,,,,,,,,,,,,,,,,,,,
33,2008,2008,202.15,15.68,215.7,,,,,,,,,,,,,,,,,,,,
34,2008,2008,63.3,5.7,49.56,,,,,,,,,,,,,,,,,,,,
35,2008,2008,62.16,3.6,12.72,,,,,,,,,,,,,,,,,,,,
36,2008,2008,196.08,6.04,133.56,,,,,,,,,,,,,,,,,,,,
37,2008,2008,29.4,3.87,111.74,,,,,,,,,,,,,,,,,,,,
38,2008,2008,14.67,5.63,3.42,,,,,,,,,,,,,,,,,,,,
39,2008,2008,32.35,5.09,13.13,,,,,,,,,,,,,,,,,,,,
40,2008,2008,49.38,4.06,56,,,,,,,,,,,,,,,,,,,,
41,2008,2008,140.19,6.68,127.42,,,,,,,,,,,,,,,,,,,,
42,2008,2008,192.08,7.88,112.78,,,,,,,,,,,,,,,,,,,,
43,2008,2008,109.07,4.19,58.68,,,,,,,,,,,,,,,,,,,,
44,2008,2008,63.33,5.15,84.21,,,,,,,,,,,,,,,,,,,,
45,2008,2008,86.8,3.23,81.58,,,,,,,,,,,,,,,,,,,,
46,2008,2008,115.77,4.29,39.34,,,,,,,,,,,,,,,,,,,,
47,2008,2008,138.15,7.89,68.71,,,,,,,,,,,,,,,,,,,,
48,2008,2008,44.38,7.31,40.3,,,,,,,,,,,,,,,,,,,,
49,2008,2008,36.34,5.34,55.23,,,,,,,,,,,,,,,,,,,,
50,2008,2008,119.03,3.17,43.33,,,,,,,,,,,,,,,,,,,,
51,2008,2008,212.93,5.91,81.61,,,,,,,,,,,,,,,,,,,,
52,2008,2008,112.97,7.99,81.51,,,,,,,,,,,,,,,,,,,,
53,2008,2008,126.11,3.46,34.31,,,,,,,,,,,,,,,,,,,,
54,2008,2008,175.41,7.37,49.64,,,,,,,,,,,,,,,,,,,,
55,2008,2008,50.32,4.32,57.79,,,,,,,,,,,,,,,,,,,,
1,2007,2007,52.12,5.75,54.73,37.90,,,,,,,,,,,,,,,,,,,
2,2007,2007,19.75,3.43,48.7,33.25,,,,,,,,,,,,,,,,,,,
3,2007,2007,113.51,3.75,134.84,46.52,,,,,,,,,,,,,,,,,,,
4,2007,2007,84.55,8.47,99.69,57.64,,,,,,,,,,,,,,,,,,,
5,2007,2007,54.35,9.84,13.55,50.64,,,,,,,,,,,,,,,,,,,
6,2007,2007,50.83,3.43,48.94,38.61,,,,,,,,,,,,,,,,,,,
7,2007,2007,9,4.18,0.52,15.14,,,,,,,,,,,,,,,,,,,
8,2007,2007,25.94,2.57,48.7,44.29,,,,,,,,,,,,,,,,,,,
9,2007,2007,15.77,1.91,13.74,15.77,,,,,,,,,,,,,,,,,,,
10,2007,2007,192.94,5.36,88.35,37.77,,,,,,,,,,,,,,,,,,,
11,2007,2007,10.77,2.88,5.09,8.99,,,,,,,,,,,,,,,,,,,
12,2007,2007,1.14,1.6,0.46,7.08,,,,,,,,,,,,,,,,,,,
13,2007,2007,39.86,4.01,31.92,32.08,,,,,,,,,,,,,,,,,,,
14,2007,2007,43,9.02,20.14,12.80,,,,,,,,,,,,,,,,,,,
15,2007,2007,53.91,2.58,49.42,25.27,,,,,,,,,,,,,,,,,,,
16,2007,2007,60.57,5.48,13.42,39.44,,,,,,,,,,,,,,,,,,,
17,2007,2007,60.17,5.62,14.52,27.23,,,,,,,,,,,,,,,,,,,
18,2007,2007,38.3,4.32,23.67,41.29,,,,,,,,,,,,,,,,,,,
19,2007,2007,94.28,4.66,62.8,14.98,,,,,,,,,,,,,,,,,,,
20,2007,2007,65.58,4.4,60.66,44.78,,,,,,,,,,,,,,,,,,,
21,2007,2007,140.02,10.95,160.7,46.57,,,,,,,,,,,,,,,,,,,
22,2007,2007,17.05,5.41,2.49,14.69,,,,,,,,,,,,,,,,,,,
23,2007,2007,111.21,8.04,141.79,44.80,,,,,,,,,,,,,,,,,,,
24,2007,2007,167.63,8.04,81.31,19.03,,,,,,,,,,,,,,,,,,,
25,2007,2007,34.81,4.51,25.48,30.07,,,,,,,,,,,,,,,,,,,
26,2007,2007,16.88,2.98,18.67,26.25,,,,,,,,,,,,,,,,,,,
27,2007,2007,137.91,6.99,32.73,68.13,,,,,,,,,,,,,,,,,,,
28,2007,2007,31.3,3.63,8.35,32.93,,,,,,,,,,,,,,,,,,,
29,2007,2007,52.02,5.54,56.59,26.50,,,,,,,,,,,,,,,,,,,
30,2007,2007,35.47,6.89,78.34,23.34,,,,,,,,,,,,,,,,,,,
31,2007,2007,21.24,2.25,24.77,34.00,,,,,,,,,,,,,,,,,,,
32,2007,2007,29.18,2.37,29.31,42.59,,,,,,,,,,,,,,,,,,,
33,2007,2007,388.96,12.99,200.02,17.58,,,,,,,,,,,,,,,,,,,
34,2007,2007,49.91,5.81,51.73,38.93,,,,,,,,,,,,,,,,,,,
35,2007,2007,51.69,3.94,45.57,13.47,,,,,,,,,,,,,,,,,,,
36,2007,2007,137.12,6.29,89.48,22.58,,,,,,,,,,,,,,,,,,,
37,2007,2007,24.98,4.09,79.35,48.74,,,,,,,,,,,,,,,,,,,
38,2007,2007,13.27,5.63,0.8,8.24,,,,,,,,,,,,,,,,,,,
39,2007,2007,14.78,2.72,16.09,8.04,,,,,,,,,,,,,,,,,,,
40,2007,2007,23.56,1.61,25.23,38.76,,,,,,,,,,,,,,,,,,,
41,2007,2007,119.48,5.41,237.91,51.80,,,,,,,,,,,,,,,,,,,
42,2007,2007,197.6,10.7,182.5,30.39,,,,,,,,,,,,,,,,,,,
43,2007,2007,82.4,8.12,100.87,27.74,,,,,,,,,,,,,,,,,,,
44,2007,2007,63.33,8.41,16.54,10.58,,,,,,,,,,,,,,,,,,,
45,2007,2007,87.17,8.53,85.11,47.77,,,,,,,,,,,,,,,,,,,
46,2007,2007,234.71,4.47,122.67,22.18,,,,,,,,,,,,,,,,,,,
47,2007,2007,300.6,8.4,113.63,21.83,,,,,,,,,,,,,,,,,,,
48,2007,2007,45.23,7.31,41.32,40.98,,,,,,,,,,,,,,,,,,,
49,2007,2007,20.91,4.04,65.32,36.63,,,,,,,,,,,,,,,,,,,
50,2007,2007,91.17,6.03,60.09,35.28,,,,,,,,,,,,,,,,,,,
51,2007,2007,198.43,9.64,107.8,30.96,,,,,,,,,,,,,,,,,,,
52,2007,2007,80.76,6.74,97.24,37.82,,,,,,,,,,,,,,,,,,,
53,2007,2007,109.86,6.92,120.15,15.47,,,,,,,,,,,,,,,,,,,
54,2007,2007,185.93,12.1,55.43,41.40,,,,,,,,,,,,,,,,,,,
55,2007,2007,58.31,6.81,79.94,48.09,,,,,,,,,,,,,,,,,,,
1,2006,2006,36.23,13.07,27.29,40.04,,,,,,,,,,,,,,,,,,,
2,2006,2006,12.64,9.6,16.63,38.64,,,,,,,,,,,,,,,,,,,
3,2006,2006,55.81,10.49,91.78,48.02,,,,,,,,,,,,,,,,,,,
4,2006,2006,92.94,26.31,63.56,66.11,,,,,,,,,,,,,,,,,,,
5,2006,2006,58.06,11.7,7.7,54.21,,,,,,,,,,,,,,,,,,,
6,2006,2006,21.23,8.79,36.2,38.35,,,,,,,,,,,,,,,,,,,
7,2006,2006,12.4,6.92,7.31,24.92,,,,,,,,,,,,,,,,,,,
8,2006,2006,20.68,7.59,40.13,51.39,,,,,,,,,,,,,,,,,,,
9,2006,2006,7.05,3.23,18.16,16.84,,,,,,,,,,,,,,,,,,,
10,2006,2006,95.23,10.56,107.71,28.97,,,,,,,,,,,,,,,,,,,
11,2006,2006,5.76,4.24,2.54,10.51,,,,,,,,,,,,,,,,,,,
12,2006,2006,0.23,5.26,0,6.17,,,,,,,,,,,,,,,,,,,
13,2006,2006,21.41,8.02,15.08,32.64,,,,,,,,,,,,,,,,,,,
14,2006,2006,43.21,15.1,10.7,19.51,,,,,,,,,,,,,,,,,,,
15,2006,2006,26.17,12.69,51.33,24.82,,,,,,,,,,,,,,,,,,,
16,2006,2006,44.7,11.09,5.95,41.20,,,,,,,,,,,,,,,,,,,
17,2006,2006,31.81,15.39,13.14,33.63,,,,,,,,,,,,,,,,,,,
18,2006,2006,23.8,8.78,25.93,36.77,,,,,,,,,,,,,,,,,,,
19,2006,2006,57.37,6.59,31.08,14.05,,,,,,,,,,,,,,,,,,,
20,2006,2006,37.62,11.3,50.48,50.22,,,,,,,,,,,,,,,,,,,
21,2006,2006,82.09,18.22,132.24,52.61,,,,,,,,,,,,,,,,,,,
22,2006,2006,10.26,20.79,0.69,14.83,,,,,,,,,,,,,,,,,,,
23,2006,2006,62.21,14.17,117.34,57.05,,,,,,,,,,,,,,,,,,,
24,2006,2006,85.2,14.96,104.92,21.45,,,,,,,,,,,,,,,,,,,
25,2006,2006,9.26,9.34,26.11,35.05,,,,,,,,,,,,,,,,,,,
26,2006,2006,6.2,6.62,9.84,22.90,,,,,,,,,,,,,,,,,,,
27,2006,2006,78.99,11.01,21.57,69.32,,,,,,,,,,,,,,,,,,,
28,2006,2006,20.96,11.61,6.99,41.10,,,,,,,,,,,,,,,,,,,
29,2006,2006,51.53,14.19,4.89,21.44,,,,,,,,,,,,,,,,,,,
30,2006,2006,21.28,9.36,16.76,18.20,,,,,,,,,,,,,,,,,,,
31,2006,2006,9.98,8.56,16.36,32.12,,,,,,,,,,,,,,,,,,,
32,2006,2006,12.96,7.5,15.01,42.27,,,,,,,,,,,,,,,,,,,
33,2006,2006,765.15,11.87,228.36,20.72,,,,,,,,,,,,,,,,,,,
34,2006,2006,31.06,9.45,43.92,43.92,,,,,,,,,,,,,,,,,,,
35,2006,2006,28.77,6.66,22.99,14.35,,,,,,,,,,,,,,,,,,,
36,2006,2006,86.83,14.47,75.42,22.74,,,,,,,,,,,,,,,,,,,
37,2006,2006,20.78,10.61,89.74,47.52,,,,,,,,,,,,,,,,,,,
38,2006,2006,10.85,17.69,1.21,10.45,,,,,,,,,,,,,,,,,,,
39,2006,2006,6.62,6.15,4.08,7.92,,,,,,,,,,,,,,,,,,,
40,2006,2006,13.24,8.35,17.17,44.67,,,,,,,,,,,,,,,,,,,
41,2006,2006,99.91,20.95,99.79,76.66,,,,,,,,,,,,,,,,,,,
42,2006,2006,462.35,9.45,120.2,33.61,,,,,,,,,,,,,,,,,,,
43,2006,2006,70.19,8.12,38.71,32.37,,,,,,,,,,,,,,,,,,,
44,2006,2006,80.82,14.92,8.14,13.70,,,,,,,,,,,,,,,,,,,
45,2006,2006,45.27,12.71,74.38,47.55,,,,,,,,,,,,,,,,,,,
46,2006,2006,131.8,7.64,114.09,26.85,,,,,,,,,,,,,,,,,,,
47,2006,2006,265.5,11.72,91.85,19.83,,,,,,,,,,,,,,,,,,,
48,2006,2006,47.27,15.64,22.45,48.97,,,,,,,,,,,,,,,,,,,
49,2006,2006,23.94,7.64,41.24,37.35,,,,,,,,,,,,,,,,,,,
50,2006,2006,47.21,11.1,46.57,28.36,,,,,,,,,,,,,,,,,,,
51,2006,2006,267.54,19.32,102.74,34.01,,,,,,,,,,,,,,,,,,,
52,2006,2006,43.57,14.73,71.53,45.44,,,,,,,,,,,,,,,,,,,
53,2006,2006,69.3,9.13,33.64,20.57,,,,,,,,,,,,,,,,,,,
54,2006,2006,175.93,22.45,20.87,38.77,,,,,,,,,,,,,,,,,,,
55,2006,2006,40.89,8.12,18.22,51.37,,,,,,,,,,,,,,,,,,,
1,2005,2005,32.62,3.35,31.78,44.12,,,,,,,,,,,,,,,,,,,
2,2005,2005,9.68,2.58,15.61,32.16,,,,,,,,,,,,,,,,,,,
3,2005,2005,51.02,2.31,140.09,50.16,,,,,,,,,,,,,,,,,,,
4,2005,2005,64.83,4.95,46.39,58.61,,,,,,,,,,,,,,,,,,,
5,2005,2005,42.94,5.28,8.56,50.36,,,,,,,,,,,,,,,,,,,
6,2005,2005,15.96,1.89,33.07,34.36,,,,,,,,,,,,,,,,,,,
7,2005,2005,13.7,3.65,2.61,23.36,,,,,,,,,,,,,,,,,,,
8,2005,2005,14.19,4.16,33.4,46.37,,,,,,,,,,,,,,,,,,,
9,2005,2005,7.29,1.91,6.45,18.87,,,,,,,,,,,,,,,,,,,
10,2005,2005,67.22,4.88,75.7,32.49,,,,,,,,,,,,,,,,,,,
11,2005,2005,5.51,2.46,1.95,9.07,,,,,,,,,,,,,,,,,,,
12,2005,2005,4.11,0.23,0,10.97,,,,,,,,,,,,,,,,,,,
13,2005,2005,18.04,3.53,20.93,31.28,,,,,,,,,,,,,,,,,,,
14,2005,2005,43.21,7.76,6.5,14.05,,,,,,,,,,,,,,,,,,,
15,2005,2005,24.15,1.68,54.48,21.79,,,,,,,,,,,,,,,,,,,
16,2005,2005,42.36,5.48,20.77,40.96,,,,,,,,,,,,,,,,,,,
17,2005,2005,28.87,4.24,46.77,34.32,,,,,,,,,,,,,,,,,,,
18,2005,2005,17.55,5.85,45.61,36.83,,,,,,,,,,,,,,,,,,,
19,2005,2005,36.62,3.85,79.65,18.66,,,,,,,,,,,,,,,,,,,
20,2005,2005,24.76,3.11,74.81,57.99,,,,,,,,,,,,,,,,,,,
21,2005,2005,69.6,6.14,170.11,54.86,,,,,,,,,,,,,,,,,,,
22,2005,2005,8.59,7.21,2.91,9.29,,,,,,,,,,,,,,,,,,,
23,2005,2005,59.7,4.85,121.31,47.04,,,,,,,,,,,,,,,,,,,
24,2005,2005,78.02,4.5,121.27,20.24,,,,,,,,,,,,,,,,,,,
25,2005,2005,12.18,3.09,32.2,41.62,,,,,,,,,,,,,,,,,,,
26,2005,2005,7.69,2.21,15.87,30.12,,,,,,,,,,,,,,,,,,,
27,2005,2005,74.98,3.12,24.1,62.48,,,,,,,,,,,,,,,,,,,
28,2005,2005,20.59,3.36,7.35,45.27,,,,,,,,,,,,,,,,,,,
29,2005,2005,32.7,6.28,10.6,25.52,,,,,,,,,,,,,,,,,,,
30,2005,2005,17.07,4.32,22.31,17.89,,,,,,,,,,,,,,,,,,,
31,2005,2005,14.26,3.38,23.27,40.4,,,,,,,,,,,,,,,,,,,
32,2005,2005,14.94,2.18,19.43,48.7,,,,,,,,,,,,,,,,,,,
33,2005,2005,562.66,7.06,63.84,23.0,,,,,,,,,,,,,,,,,,,
34,2005,2005,28.36,3.46,103.11,42.8,,,,,,,,,,,,,,,,,,,
35,2005,2005,22.1,2.72,13.19,13.1,,,,,,,,,,,,,,,,,,,
36,2005,2005,70.29,5.46,267.45,27.4,,,,,,,,,,,,,,,,,,,
37,2005,2005,19.01,4.53,42.77,42.3,,,,,,,,,,,,,,,,,,,
38,2005,2005,6.03,4.22,1.01,8.2,,,,,,,,,,,,,,,,,,,
39,2005,2005,6.09,2.78,4.26,9.6,,,,,,,,,,,,,,,,,,,
40,2005,2005,13.12,2.33,28.39,50.8,,,,,,,,,,,,,,,,,,,
41,2005,2005,58.93,4.83,93.92,55.3,,,,,,,,,,,,,,,,,,,
42,2005,2005,372.81,5.12,48.91,39.4,,,,,,,,,,,,,,,,,,,
43,2005,2005,54.4,3.21,78.48,31.1,,,,,,,,,,,,,,,,,,,
44,2005,2005,87.47,5.42,34.85,14.4,,,,,,,,,,,,,,,,,,,
45,2005,2005,34.54,4.85,60.41,41.9,,,,,,,,,,,,,,,,,,,
46,2005,2005,66.18,3.36,37.66,27.4,,,,,,,,,,,,,,,,,,,
47,2005,2005,124.09,5.66,107.69,20.0,,,,,,,,,,,,,,,,,,,
48,2005,2005,40.3,5.27,22.28,57.5,,,,,,,,,,,,,,,,,,,
49,2005,2005,19.32,3.89,38.64,33.3,,,,,,,,,,,,,,,,,,,
50,2005,2005,43.91,7.61,86.92,36.3,,,,,,,,,,,,,,,,,,,
51,2005,2005,84.38,6.39,78.23,29.1,,,,,,,,,,,,,,,,,,,
52,2005,2005,33.08,5.87,130.7,44.1,,,,,,,,,,,,,,,,,,,
53,2005,2005,63.24,3.94,39.41,20.5,,,,,,,,,,,,,,,,,,,
54,2005,2005,108.58,8.07,34.73,37.4,,,,,,,,,,,,,,,,,,,
55,2005,2005,41.15,4.98,61.46,44.4,,,,,,,,,,,,,,,,,,,
1,2004,2004,18.09,2.77,25.62,43.23,,,,,,,,,,,,,,,,,,,
2,2004,2004,8.27,2.58,16,33.64,,,,,,,,,,,,,,,,,,,
3,2004,2004,33.49,1.67,71.95,49.52,,,,,,,,,,,,,,,,,,,
4,2004,2004,36.43,3.82,53.44,42.95,,,,,,,,,,,,,,,,,,,
5,2004,2004,34.09,3.99,9.56,46.65,,,,,,,,,,,,,,,,,,,
6,2004,2004,12.57,1.37,25.57,34.57,,,,,,,,,,,,,,,,,,,
7,2004,2004,6,0.65,4.04,31.18,,,,,,,,,,,,,,,,,,,
8,2004,2004,10.28,1.47,15.05,40.62,,,,,,,,,,,,,,,,,,,
9,2004,2004,5.26,1.55,3.34,20.67,,,,,,,,,,,,,,,,,,,
10,2004,2004,30.33,4.24,74.1,38.41,,,,,,,,,,,,,,,,,,,
11,2004,2004,4.07,2.46,2.46,8.65,,,,,,,,,,,,,,,,,,,
12,2004,2004,3.88,1.14,0.23,6.40,,,,,,,,,,,,,,,,,,,
13,2004,2004,13.47,3.29,25.98,32.16,,,,,,,,,,,,,,,,,,,
14,2004,2004,25.59,7.34,13.01,18.46,,,,,,,,,,,,,,,,,,,
15,2004,2004,15.39,13.14,41.9,27.52,,,,,,,,,,,,,,,,,,,
16,2004,2004,30.69,5.48,6.07,47.61,,,,,,,,,,,,,,,,,,,
17,2004,2004,18.59,4.67,7.17,34.32,,,,,,,,,,,,,,,,,,,
18,2004,2004,11.9,2.86,10.37,31.71,,,,,,,,,,,,,,,,,,,
19,2004,2004,20.58,2.86,18.54,27.52,,,,,,,,,,,,,,,,,,,
20,2004,2004,18.98,3.28,31.41,35.12,,,,,,,,,,,,,,,,,,,
21,2004,2004,38.28,4.61,50.05,44.93,,,,,,,,,,,,,,,,,,,
22,2004,2004,3.47,5.13,3.33,10.40,,,,,,,,,,,,,,,,,,,
23,2004,2004,32.09,5.58,57.05,47.58,,,,,,,,,,,,,,,,,,,
24,2004,2004,37.11,5.28,35.64,24.22,,,,,,,,,,,,,,,,,,,
25,2004,2004,11.39,2.93,10.84,38.77,,,,,,,,,,,,,,,,,,,
26,2004,2004,6.38,2.98,7.1,22.67,,,,,,,,,,,,,,,,,,,
27,2004,2004,45.37,5.5,25.29,52.07,,,,,,,,,,,,,,,,,,,
28,2004,2004,18.6,3.36,5.17,33.38,,,,,,,,,,,,,,,,,,,
29,2004,2004,20.38,4.48,11.9,30.58,,,,,,,,,,,,,,,,,,,
30,2004,2004,13.06,4.52,5.24,16.14,,,,,,,,,,,,,,,,,,,
31,2004,2004,8.78,3.75,15.69,41.1,,,,,,,,,,,,,,,,,,,
32,2004,2004,14.37,1.8,9.24,44.0,,,,,,,,,,,,,,,,,,,
33,2004,2004,58.69,5.82,46.03,27.7,,,,,,,,,,,,,,,,,,,
34,2004,2004,22.49,4.93,35.35,38.9,,,,,,,,,,,,,,,,,,,
35,2004,2004,17,3.33,20.81,13.3,,,,,,,,,,,,,,,,,,,
36,2004,2004,40.85,5.04,76.99,31.6,,,,,,,,,,,,,,,,,,,
37,2004,2004,12.82,3.98,36.47,44.0,,,,,,,,,,,,,,,,,,,
38,2004,2004,6.23,6.43,2.01,9.7,,,,,,,,,,,,,,,,,,,
39,2004,2004,4.2,3.9,6.51,8.5,,,,,,,,,,,,,,,,,,,
40,2004,2004,10.14,2.21,23.38,44.8,,,,,,,,,,,,,,,,,,,
41,2004,2004,30.85,4.72,97.61,54.2,,,,,,,,,,,,,,,,,,,
42,2004,2004,60.79,4.73,35.12,41.8,,,,,,,,,,,,,,,,,,,
43,2004,2004,33.8,4.01,18.73,29.2,,,,,,,,,,,,,,,,,,,
44,2004,2004,25.63,4.61,43.94,16.0,,,,,,,,,,,,,,,,,,,
45,2004,2004,23.23,3.45,39.61,35.7,,,,,,,,,,,,,,,,,,,
46,2004,2004,29.27,5.03,25.91,22.4,,,,,,,,,,,,,,,,,,,
47,2004,2004,32.41,5.14,67.51,20.0,,,,,,,,,,,,,,,,,,,
48,2004,2004,22.62,4.76,19.55,63.4,,,,,,,,,,,,,,,,,,,
49,2004,2004,13.12,4.61,39.37,34.2,,,,,,,,,,,,,,,,,,,
50,2004,2004,24.05,4.5,38.45,30.7,,,,,,,,,,,,,,,,,,,
51,2004,2004,36.73,6.15,38.97,32.5,,,,,,,,,,,,,,,,,,,
52,2004,2004,21.72,3.5,35.58,50.1,,,,,,,,,,,,,,,,,,,
53,2004,2004,25.28,2.69,30.66,20.3,,,,,,,,,,,,,,,,,,,
54,2004,2004,51.75,4.74,19.47,44.6,,,,,,,,,,,,,,,,,,,
55,2004,2004,22.67,3.41,17.04,47.4,,,,,,,,,,,,,,,,,,,
1,2003,2003,11.87,3.87,15.42,45.32,,,,,,,,,,,,,,,,,,,
2,2003,2003,6.09,3.2,3.59,39.18,,,,,,,,,,,,,,,,,,,
3,2003,2003,20.58,2.65,30.38,45.72,,,,,,,,,,,,,,,,,,,
4,2003,2003,30.28,3.97,11.9,55.76,,,,,,,,,,,,,,,,,,,
5,2003,2003,26.25,6.13,7.99,54.49,,,,,,,,,,,,,,,,,,,
6,2003,2003,7.55,2.32,13.73,31.78,,,,,,,,,,,,,,,,,,,
7,2003,2003,4.7,1.7,1.83,29.49,,,,,,,,,,,,,,,,,,,
8,2003,2003,9.05,2.94,6.61,46.74,,,,,,,,,,,,,,,,,,,
9,2003,2003,2.39,1.43,1.43,17.08,,,,,,,,,,,,,,,,,,,
10,2003,2003,21.61,3.92,25.37,44.57,,,,,,,,,,,,,,,,,,,
11,2003,2003,6.02,3.9,1.9,10.00,,,,,,,,,,,,,,,,,,,
12,2003,2003,1.83,2.74,2.06,10.28,,,,,,,,,,,,,,,,,,,
13,2003,2003,10.51,3.45,10.26,38.09,,,,,,,,,,,,,,,,,,,
14,2003,2003,16.15,11.75,9.4,23.08,,,,,,,,,,,,,,,,,,,
15,2003,2003,12.02,2.58,30.55,31.45,,,,,,,,,,,,,,,,,,,
16,2003,2003,23.11,6.3,5.37,48.78,,,,,,,,,,,,,,,,,,,
17,2003,2003,16.86,7.52,9.68,45.38,,,,,,,,,,,,,,,,,,,
18,2003,2003,13.7,3.39,3.46,34.57,,,,,,,,,,,,,,,,,,,
19,2003,2003,17.9,1.63,9.74,22.16,,,,,,,,,,,,,,,,,,,
20,2003,2003,12.6,5.44,18.9,48.67,,,,,,,,,,,,,,,,,,,
21,2003,2003,27.33,5.94,23.03,43.50,,,,,,,,,,,,,,,,,,,
22,2003,2003,4.16,8.59,2.22,8.73,,,,,,,,,,,,,,,,,,,
23,2003,2003,23.36,5.44,34.92,59.33,,,,,,,,,,,,,,,,,,,
24,2003,2003,26.04,6.49,19.46,25.08,,,,,,,,,,,,,,,,,,,
25,2003,2003,8.7,7.36,18.99,35.37,,,,,,,,,,,,,,,,,,,
26,2003,2003,5.31,5.19,8.23,27.08,,,,,,,,,,,,,,,,,,,
27,2003,2003,36.75,4.31,23.65,51.03,,,,,,,,,,,,,,,,,,,
28,2003,2003,12.25,4.99,5.53,40.37,,,,,,,,,,,,,,,,,,,
29,2003,2003,15.74,5.95,12.39,25.44,,,,,,,,,,,,,,,,,,,
30,2003,2003,9.56,4.93,2.88,18.61,,,,,,,,,,,,,,,,,,,
31,2003,2003,7.66,5.33,8.63,37.8,,,,,,,,,,,,,,,,,,,
32,2003,2003,10.45,2.69,9.88,43.9,,,,,,,,,,,,,,,,,,,
33,2003,2003,42.22,5.71,20.16,28.0,,,,,,,,,,,,,,,,,,,
34,2003,2003,18.03,4.87,27.13,46.6,,,,,,,,,,,,,,,,,,,
35,2003,2003,12.79,4.56,7,14.1,,,,,,,,,,,,,,,,,,,
36,2003,2003,29.77,4.8,25.31,33.1,,,,,,,,,,,,,,,,,,,
37,2003,2003,8.4,6.08,14.7,42.1,,,,,,,,,,,,,,,,,,,
38,2003,2003,4.82,8.24,2.81,17.7,,,,,,,,,,,,,,,,,,,
39,2003,2003,3.43,6.8,4.02,9.6,,,,,,,,,,,,,,,,,,,
40,2003,2003,7.81,3.94,5.43,40.1,,,,,,,,,,,,,,,,,,,
41,2003,2003,20.49,8.52,29.58,63.4,,,,,,,,,,,,,,,,,,,
42,2003,2003,46.15,3.74,26.39,42.1,,,,,,,,,,,,,,,,,,,
43,2003,2003,26.4,6.24,16.59,37.7,,,,,,,,,,,,,,,,,,,
44,2003,2003,17.09,5.97,4.48,16.3,,,,,,,,,,,,,,,,,,,
45,2003,2003,16.61,6.03,16.76,41.9,,,,,,,,,,,,,,,,,,,
46,2003,2003,24.61,3.91,13,37.1,,,,,,,,,,,,,,,,,,,
47,2003,2003,21.72,5.72,17.49,22.1,,,,,,,,,,,,,,,,,,,
48,2003,2003,18.36,6.8,25,66.1,,,,,,,,,,,,,,,,,,,
49,2003,2003,8.8,4.47,13.41,26.8,,,,,,,,,,,,,,,,,,,
50,2003,2003,16.18,4.19,22.6,45.1,,,,,,,,,,,,,,,,,,,
51,2003,2003,25.85,5.44,16.89,37.2,,,,,,,,,,,,,,,,,,,
52,2003,2003,18.22,10.49,22.84,65.5,,,,,,,,,,,,,,,,,,,
53,2003,2003,19.99,2.98,7.79,29.3,,,,,,,,,,,,,,,,,,,
54,2003,2003,38.59,11.05,14.56,49.6,,,,,,,,,,,,,,,,,,,
55,2003,2003,16.38,7.86,16,39.6,,,,,,,,,,,,,,,,,,,
1,2002,2002,3.92,2.98,8.26,29.33,,,,,,,,,,,,,,,,,,,
2,2002,2002,1.48,2.03,0.94,20.14,,,,,,,,,,,,,,,,,,,
3,2002,2002,6.28,1.61,12.91,36.61,,,,,,,,,,,,,,,,,,,
4,2002,2002,11.92,3.75,3.45,35.08,,,,,,,,,,,,,,,,,,,
5,2002,2002,7.56,7.42,8.84,46.65,,,,,,,,,,,,,,,,,,,
6,2002,2002,1.97,1.93,6.05,21.02,,,,,,,,,,,,,,,,,,,
7,2002,2002,0.91,1.57,0.39,14.09,,,,,,,,,,,,,,,,,,,
8,2002,2002,3.55,2.57,2.32,25.08,,,,,,,,,,,,,,,,,,,
9,2002,2002,0.36,1.31,0.72,14.45,,,,,,,,,,,,,,,,,,,
10,2002,2002,10.72,4.08,13.44,18.89,,,,,,,,,,,,,,,,,,,
11,2002,2002,1.19,2.03,1.02,5.85,,,,,,,,,,,,,,,,,,,
12,2002,2002,0.23,0.69,0.23,7.08,,,,,,,,,,,,,,,,,,,
13,2002,2002,3.85,2.57,4.97,19.57,,,,,,,,,,,,,,,,,,,
14,2002,2002,3.99,7.34,6.29,13.64,,,,,,,,,,,,,,,,,,,
15,2002,2002,3.82,1.24,13.14,16.29,,,,,,,,,,,,,,,,,,,
16,2002,2002,5.02,5.37,5.72,36.41,,,,,,,,,,,,,,,,,,,
17,2002,2002,5.53,3.54,2.85,25.93,,,,,,,,,,,,,,,,,,,
18,2002,2002,5.25,2.53,2.19,22.34,,,,,,,,,,,,,,,,,,,
19,2002,2002,4.72,2.16,6.18,12.36,,,,,,,,,,,,,,,,,,,
20,2002,2002,4.92,2.5,10.7,26.49,,,,,,,,,,,,,,,,,,,
21,2002,2002,11.57,6.35,11.05,37.87,,,,,,,,,,,,,,,,,,,
22,2002,2002,1.25,5.27,0.55,6.38,,,,,,,,,,,,,,,,,,,
23,2002,2002,7.54,4.75,15.45,39.72,,,,,,,,,,,,,,,,,,,
24,2002,2002,14.7,5.1,11.68,13.93,,,,,,,,,,,,,,,,,,,
25,2002,2002,1.74,2.14,7.67,22.39,,,,,,,,,,,,,,,,,,,
26,2002,2002,1.49,1.07,2.45,11.69,,,,,,,,,,,,,,,,,,,
27,2002,2002,10.56,5.06,15.62,33.47,,,,,,,,,,,,,,,,,,,
28,2002,2002,3.63,3.45,2.99,19.41,,,,,,,,,,,,,,,,,,,
29,2002,2002,4.81,4,6.93,26.42,,,,,,,,,,,,,,,,,,,
30,2002,2002,2.98,3.29,2.47,16.04,,,,,,,,,,,,,,,,,,,
31,2002,2002,1.95,1.8,4.05,23.12,,,,,,,,,,,,,,,,,,,
32,2002,2002,2.44,2.05,6.16,27.90,,,,,,,,,,,,,,,,,,,
33,2002,2002,21.39,4.7,12.77,22.17,,,,,,,,,,,,,,,,,,,
34,2002,2002,4.76,3.52,12.27,40.87,,,,,,,,,,,,,,,,,,,
35,2002,2002,4.08,4.49,4.15,8.50,,,,,,,,,,,,,,,,,,,
36,2002,2002,9.35,4.96,13.81,17.78,,,,,,,,,,,,,,,,,,,
37,2002,2002,3.76,1.44,6.74,23.87,,,,,,,,,,,,,,,,,,,
38,2002,2002,0.8,5.23,1.01,6.83,,,,,,,,,,,,,,,,,,,
39,2002,2002,1.01,1.83,2.07,6.21,,,,,,,,,,,,,,,,,,,
40,2002,2002,2.21,1.91,3.4,32.86,,,,,,,,,,,,,,,,,,,
41,2002,2002,5.64,4.37,14.96,34.99,,,,,,,,,,,,,,,,,,,
42,2002,2002,20.42,4.4,15.76,33.02,,,,,,,,,,,,,,,,,,,
43,2002,2002,11.24,4.46,8.2,20.60,,,,,,,,,,,,,,,,,,,
44,2002,2002,8.41,4.48,3.66,16.68,,,,,,,,,,,,,,,,,,,
45,2002,2002,6.76,4.78,11.1,23.81,,,,,,,,,,,,,,,,,,,
46,2002,2002,4.47,2.24,7.46,17.34,,,,,,,,,,,,,,,,,,,
47,2002,2002,9.83,4.06,9.15,18.63,,,,,,,,,,,,,,,,,,,
48,2002,2002,6.8,4.59,10.88,58.15,,,,,,,,,,,,,,,,,,,
49,2002,2002,2.74,2.88,6.06,25.96,,,,,,,,,,,,,,,,,,,
50,2002,2002,7.8,3.62,10.47,26.65,,,,,,,,,,,,,,,,,,,
51,2002,2002,9.06,6.63,10.16,25.52,,,,,,,,,,,,,,,,,,,
52,2002,2002,4.62,5.62,12.23,41.19,,,,,,,,,,,,,,,,,,,
53,2002,2002,6.25,4.33,5.67,14.90,,,,,,,,,,,,,,,,,,,
54,2002,2002,13.33,8.77,12.45,29.64,,,,,,,,,,,,,,,,,,,
55,2002,2002,6.03,3.01,7.08,23.19,,,,,,,,,,,,,,,,,,,
1,2001,2001,,,,,,,,,,,,,,,26,,,,,,,,
2,2001,2001,,,,,,,,,,,,,,,40.44,,,,,,,,
3,2001,2001,,,,,,,,,,,,,,,12.6,,,,,,,,
4,2001,2001,,,,,,,,,,,,,,,15.14,,,,,,,,
5,2001,2001,,,,,,,,,,,,,,,3.5,,,,,,,,
6,2001,2001,,,,,,,,,,,,,,,21.98,,,,,,,,
7,2001,2001,,,,,,,,,,,,,,,13.29,,,,,,,,
8,2001,2001,,,,,,,,,,,,,,,28.92,,,,,,,,
9,2001,2001,,,,,,,,,,,,,,,25.1,,,,,,,,
10,2001,2001,,,,,,,,,,,,,,,2.96,,,,,,,,
11,2001,2001,,,,,,,,,,,,,,,34.78,,,,,,,,
12,2001,2001,,,,,,,,,,,,,,,65.34,,,,,,,,
13,2001,2001,,,,,,,,,,,,,,,17.86,,,,,,,,
14,2001,2001,,,,,,,,,,,,,,,1.48,,,,,,,,
15,2001,2001,,,,,,,,,,,,,,,44.42,,,,,,,,
16,2001,2001,,,,,,,,,,,,,,,0.72,,,,,,,,
17,2001,2001,,,,,,,,,,,,,,,41.59,,,,,,,,
18,2001,2001,,,,,,,,,,,,,,,17.98,,,,,,,,
19,2001,2001,,,,,,,,,,,,,,,11.72,,,,,,,,
20,2001,2001,,,,,,,,,,,,,,,22.14,,,,,,,,
21,2001,2001,,,,,,,,,,,,,,,12.7,,,,,,,,
22,2001,2001,,,,,,,,,,,,,,,42.98,,,,,,,,
23,2001,2001,,,,,,,,,,,,,,,14.61,,,,,,,,
24,2001,2001,,,,,,,,,,,,,,,5.52,,,,,,,,
25,2001,2001,,,,,,,,,,,,,,,23.85,,,,,,,,
26,2001,2001,,,,,,,,,,,,,,,21.62,,,,,,,,
27,2001,2001,,,,,,,,,,,,,,,0.38,,,,,,,,
28,2001,2001,,,,,,,,,,,,,,,32.67,,,,,,,,
29,2001,2001,,,,,,,,,,,,,,,1.44,,,,,,,,
30,2001,2001,,,,,,,,,,,,,,,1.42,,,,,,,,
31,2001,2001,,,,,,,,,,,,,,,28.87,,,,,,,,
32,2001,2001,,,,,,,,,,,,,,,26.59,,,,,,,,
33,2001,2001,,,,,,,,,,,,,,,1.35,,,,,,,,
34,2001,2001,,,,,,,,,,,,,,,23.65,,,,,,,,
35,2001,2001,,,,,,,,,,,,,,,3.22,,,,,,,,
36,2001,2001,,,,,,,,,,,,,,,3.19,,,,,,,,
37,2001,2001,,,,,,,,,,,,,,,18.04,,,,,,,,
38,2001,2001,,,,,,,,,,,,,,,54.07,,,,,,,,
39,2001,2001,,,,,,,,,,,,,,,37.31,,,,,,,,
40,2001,2001,,,,,,,,,,,,,,,21.12,,,,,,,,
41,2001,2001,,,,,,,,,,,,,,,7.57,,,,,,,,
42,2001,2001,,,,,,,,,,,,,,,0.95,,,,,,,,
43,2001,2001,,,,,,,,,,,,,,,31.99,,,,,,,,
44,2001,2001,,,,,,,,,,,,,,,1.93,,,,,,,,
45,2001,2001,,,,,,,,,,,,,,,13.6,,,,,,,,
46,2001,2001,,,,,,,,,,,,,,,3.03,,,,,,,,
47,2001,2001,,,,,,,,,,,,,,,5.02,,,,,,,,
48,2001,2001,,,,,,,,,,,,,,,1.95,,,,,,,,
49,2001,2001,,,,,,,,,,,,,,,1.67,,,,,,,,
50,2001,2001,,,,,,,,,,,,,,,16.77,,,,,,,,
51,2001,2001,,,,,,,,,,,,,,,6.05,,,,,,,,
52,2001,2001,,,,,,,,,,,,,,,9.19,,,,,,,,
53,2001,2001,,,,,,,,,,,,,,,2.94,,,,,,,,
54,2001,2001,,,,,,,,,,,,,,,6.3,,,,,,,,
55,2001,2001,,,,,,,,,,,,,,,14.96,,,,,,,,
1,2000,2000,,,,,,,20.34,,12.08,43.42,23.93,20.57,,24.3,,,,,,,,,3.96
2,2000,2000,,,,,,,21.34,,14.87,42.45,27.52,15.15,,24.28,,,,,,,,,2.94
3,2000,2000,,,,,,,20.27,,11.46,39.06,24.73,24.75,,22.04,,,,,,,,,1.77
4,2000,2000,,,,,,,19.82,,15.35,44.06,22.7,17.89,,26.15,,,,,,,,,6.33
5,2000,2000,,,,,,,11.67,,23.18,41.16,24.49,11.17,,20.24,,,,,,,,,8.57
6,2000,2000,,,,,,,18.86,,11.08,41.82,25.1,22,,21.44,,,,,,,,,2.58
7,2000,2000,,,,,,,20.66,,15.96,36.73,18.62,28.7,,26.26,,,,,,,,,5.6
8,2000,2000,,,,,,,13.38,,12.74,43.65,23.59,20.03,,14.85,,,,,,,,,1.47
9,2000,2000,,,,,,,20.1,,13.54,35.72,25.03,25.7,,22.93,,,,,,,,,2.83
10,2000,2000,,,,,,,20.76,,14.34,29.47,22.72,33.46,,26.33,,,,,,,,,5.57
11,2000,2000,,,,,,,13.65,,19.85,39.96,25.44,14.75,,15.09,,,,,,,,,1.44
12,2000,2000,,,,,,,20.11,,11.68,38.73,22.79,26.79,,24.77,,,,,,,,,4.66
13,2000,2000,,,,,,,17.12,,12.63,36.45,27.67,23.25,,19.02,,,,,,,,,1.9
14,2000,2000,,,,,,,6.9,,35.49,40.29,8.03,16.18,,43.61,,,,,,,,,36.71
15,2000,2000,,,,,,,19.44,,9.61,40.18,25.41,24.8,,20.55,,,,,,,,,1.11
16,2000,2000,,,,,,,14.05,,28.78,35.53,20.53,15.16,,28.03,,,,,,,,,13.98
17,2000,2000,,,,,,,17.45,,8.89,33.78,29.89,27.44,,18.71,,,,,,,,,1.26
18,2000,2000,,,,,,,15.77,,15.76,36.15,24.69,23.4,,18.82,,,,,,,,,3.05
19,2000,2000,,,,,,,7.76,,34.29,34.56,16.52,14.64,,35.47,,,,,,,,,27.71
20,2000,2000,,,,,,,13.04,,12.05,35.25,25.9,26.8,,16.36,,,,,,,,,3.32
21,2000,2000,,,,,,,17.63,,10.49,42.49,23.17,23.84,,20.73,,,,,,,,,3.1
22,2000,2000,,,,,,,9.11,,24.47,49.59,14.36,11.58,,13.3,,,,,,,,,4.19
23,2000,2000,,,,,,,16.6,,9.21,36.99,26.35,27.46,,19.34,,,,,,,,,2.74
24,2000,2000,,,,,,,19.03,,15.4,33.4,22.45,28.74,,29.25,,,,,,,,,10.22
25,2000,2000,,,,,,,16.4,,15.69,42.67,26.29,15.35,,17.83,,,,,,,,,1.43
26,2000,2000,,,,,,,15.7,,14.4,38.44,27.63,19.53,,16.6,,,,,,,,,0.9
27,2000,2000,,,,,,,17.77,,25.66,41.17,21.32,11.84,,23.33,,,,,,,,,5.56
28,2000,2000,,,,,,,10.28,,8.89,40.02,24.86,26.23,,10.28,,,,,,,,,0
29,2000,2000,,,,,,,6.36,,27.24,43.91,15.6,13.25,,27.24,,,,,,,,,20.88
30,2000,2000,,,,,,,14.76,,24.17,32.74,18.6,24.48,,35.41,,,,,,,,,20.65
31,2000,2000,,,,,,,12.77,,15.51,42.15,25.39,16.95,,15.78,,,,,,,,,3.01
32,2000,2000,,,,,,,19.76,,10.79,40.53,26.3,22.38,,20.54,,,,,,,,,0.78
33,2000,2000,,,,,,,17.08,,13.03,37.93,18.83,30.21,,26.11,,,,,,,,,9.03
34,2000,2000,,,,,,,13.22,,26.96,39.77,19.08,14.2,,22.98,,,,,,,,,9.76
35,2000,2000,,,,,,,5.6,,38.92,35.48,15.28,10.32,,34.56,,,,,,,,,28.96
36,2000,2000,,,,,,,13.32,,11.46,35.82,27,25.72,,17.6,,,,,,,,,4.28
37,2000,2000,,,,,,,18.19,,28.36,38.36,21.16,12.11,,24.28,,,,,,,,,6.09
38,2000,2000,,,,,,,7.33,,20.74,50.22,18.97,10.08,,8.78,,,,,,,,,1.45
39,2000,2000,,,,,,,8.01,,31.34,40.07,17.14,11.46,,23.67,,,,,,,,,15.66
40,2000,2000,,,,,,,14.57,,11.76,40.41,23.34,24.48,,17.16,,,,,,,,,2.59
41,2000,2000,,,,,,,21.81,,22.29,38.52,23.49,15.7,,32.14,,,,,,,,,10.33
42,2000,2000,,,,,,,14.63,,17.2,37.16,22.59,23.05,,22.31,,,,,,,,,7.68
43,2000,2000,,,,,,,15.21,,19.29,29.73,26.31,24.68,,20.4,,,,,,,,,5.19
44,2000,2000,,,,,,,13.48,,13.1,41.45,20.52,24.94,,27.3,,,,,,,,,13.82
45,2000,2000,,,,,,,13.87,,14.23,33.08,24.97,27.72,,18.55,,,,,,,,,4.68
46,2000,2000,,,,,,,16.46,,18.73,36.96,21.48,22.83,,37.09,,,,,,,,,20.63
47,2000,2000,,,,,,,16.35,,13.55,32.39,25.28,28.78,,24.21,,,,,,,,,7.86
48,2000,2000,,,,,,,12.06,,25.13,45.2,16.76,12.91,,28.73,,,,,,,,,16.67
49,2000,2000,,,,,,,20.39,,24.27,42.03,15.43,18.28,,26.39,,,,,,,,,6
50,2000,2000,,,,,,,15.13,,16.22,31.57,27.04,25.17,,19.34,,,,,,,,,4.21
51,2000,2000,,,,,,,20.27,,17.18,35.91,21.83,25.08,,27.29,,,,,,,,,7.02
52,2000,2000,,,,,,,14.6,,11.3,38.44,28.73,21.53,,18.53,,,,,,,,,3.93
53,2000,2000,,,,,,,21.12,,14.05,35.74,22.26,27.95,,30.86,,,,,,,,,9.74
54,2000,2000,,,,,,,18.57,,18.64,43.12,21.4,16.83,,32.88,,,,,,,,,14.31
55,2000,2000,,,,,,,18.33,,16.05,48.33,15.5,20.12,,26.41,,,,,,,,,8.08
